City_ID,City,Country,Lat,Lng,Max Temp,Humidity,Cloudiness,Wind Speed,Current Description
0,High Level,CA,58.5169,-117.136,26.6,43,20,6.91,few clouds
1,Butaritari,KI,3.0707,172.7902,81.77,80,55,15.79,light rain
2,Busselton,AU,-33.65,115.3333,66.99,58,0,3.0,clear sky
3,Hithadhoo,MV,-0.6,73.0833,82.36,67,12,10.74,few clouds
4,Hilo,US,19.7297,-155.09,71.6,73,90,8.05,light rain
5,Souillac,MU,-20.5167,57.5167,78.8,73,40,6.91,scattered clouds
6,Haimen,CN,23.1935,116.6142,64.4,77,90,4.47,light rain
7,Labuhan,ID,-6.8844,112.2051,84.56,73,88,7.18,overcast clouds
8,Saint-Georges,GD,12.0564,-61.7485,78.8,83,20,10.36,few clouds
9,Mataura,NZ,-46.1927,168.8643,67.24,39,0,1.61,clear sky
10,Hermanus,ZA,-34.4187,19.2345,61.0,86,37,3.31,scattered clouds
11,Provideniya,RU,64.3833,-173.3,5.0,66,0,4.47,clear sky
12,Rikitea,PF,-23.1203,-134.9692,76.91,66,98,5.84,overcast clouds
13,Salalah,OM,17.0151,54.0924,75.2,57,0,5.75,clear sky
14,Bluff,NZ,-46.6,168.3333,57.45,61,0,0.72,clear sky
15,Kiruna,SE,67.8557,20.2251,5.0,92,7,9.22,clear sky
16,Punta Arenas,CL,-53.15,-70.9167,44.6,81,40,6.91,scattered clouds
17,New Norfolk,AU,-42.7826,147.0587,59.0,56,73,3.0,broken clouds
18,Burnie,AU,-41.0667,145.9167,53.01,72,52,14.0,broken clouds
19,Mar Del Plata,AR,-38.0023,-57.5575,66.0,88,0,3.44,clear sky
20,Lompoc,US,34.6391,-120.4579,53.6,76,67,14.97,broken clouds
21,Puerto Ayora,EC,-0.7393,-90.3518,78.01,93,18,3.11,few clouds
22,Leningradskiy,RU,69.3833,178.4167,-2.94,88,15,2.59,few clouds
23,Puerto Baquerizo Moreno,EC,-0.9,-89.6,77.11,88,59,3.15,light rain
24,Cibitoke,BI,-2.8833,29.25,58.77,94,97,3.36,overcast clouds
25,Arraial Do Cabo,BR,-22.9661,-42.0278,75.4,74,61,17.47,broken clouds
26,Dunedin,NZ,-45.8742,170.5036,63.0,66,0,5.99,clear sky
27,Castro,BR,-24.7911,-50.0119,59.97,91,77,10.65,broken clouds
28,Hofn,IS,64.2539,-15.2082,25.68,51,100,16.75,overcast clouds
29,Amapa,BR,1.0,-52.0,71.38,98,100,2.06,overcast clouds
30,Ushuaia,AR,-54.8,-68.3,41.0,65,20,12.66,few clouds
31,College,US,64.8569,-147.8028,6.8,51,75,18.41,broken clouds
32,Iqaluit,CA,63.7506,-68.5145,19.4,86,75,11.5,light snow
33,Coquimbo,CL,-29.9533,-71.3436,57.2,88,0,3.44,clear sky
34,Riosucio,CO,5.4216,-75.7032,59.47,97,100,1.5,overcast clouds
35,Upernavik,GL,72.7868,-56.1549,26.76,70,100,6.49,overcast clouds
36,East London,ZA,-33.0153,27.9116,65.34,85,1,5.99,clear sky
37,Kodiak,US,57.79,-152.4072,24.8,30,1,28.77,clear sky
38,Yatou,CN,37.15,122.3833,55.13,33,4,8.55,clear sky
39,Chokurdakh,RU,70.6333,147.9167,1.11,88,100,9.78,overcast clouds
40,Hirara,JP,24.8,125.2833,75.2,57,75,11.5,broken clouds
41,Saint-Philippe,RE,-21.3585,55.7679,77.0,73,0,3.44,light rain
42,Berbera,SO,10.4396,45.0143,74.97,76,6,0.92,clear sky
43,Kloulklubed,PW,7.0419,134.2556,87.8,62,75,5.75,broken clouds
44,Mahebourg,MU,-20.4081,57.7,78.8,73,40,6.91,scattered clouds
45,Ilulissat,GL,69.2167,-51.1,33.8,86,90,9.22,snow
46,Atuona,PF,-9.8,-139.0333,81.19,73,0,15.68,clear sky
47,Hobart,AU,-42.8794,147.3294,59.0,47,75,17.27,broken clouds
48,Port Alfred,ZA,-33.5906,26.891,63.97,89,21,7.43,few clouds
49,Pacific Grove,US,36.6177,-121.9166,53.01,82,16,5.01,few clouds
50,Kikwit,CD,-5.041,18.8162,70.25,96,100,2.01,overcast clouds
51,Olafsvik,IS,64.8945,-23.7142,25.34,52,1,11.12,clear sky
52,Borogontsy,RU,62.6683,131.1683,28.54,95,100,6.46,snow
53,Barrow,US,71.2906,-156.7887,-13.0,70,40,11.5,scattered clouds
54,Kizukuri,JP,40.8061,140.3861,37.99,93,75,19.57,light snow
55,Samarai,PG,-10.6167,150.6667,82.85,76,89,15.43,light rain
56,Davila,PH,18.4726,120.5763,86.0,62,20,8.05,few clouds
57,Numata,JP,36.6333,139.05,55.99,21,51,17.0,broken clouds
58,Lebanon,US,36.2081,-86.2911,69.8,49,40,5.75,scattered clouds
59,Fairbanks,US,64.8378,-147.7164,6.8,61,90,19.57,overcast clouds
60,Oktyabrskoye,RU,43.0645,44.7417,51.8,87,100,8.95,overcast clouds
61,Saint George,US,37.1041,-113.5841,75.2,5,1,11.5,clear sky
62,Laela,TZ,-8.5667,32.05,59.11,96,100,3.87,overcast clouds
63,Maxixe,MZ,-23.8597,35.3472,69.8,87,5,5.55,clear sky
64,Seddon,AU,-37.8068,144.8916,64.0,63,75,18.41,broken clouds
65,Bundaberg,AU,-24.85,152.35,84.2,51,1,8.05,clear sky
66,Olavarria,AR,-36.8927,-60.3225,60.01,97,93,3.44,overcast clouds
67,Bathsheba,BB,13.2167,-59.5167,78.8,65,75,14.97,broken clouds
68,Saint-Augustin,CA,51.226,-58.6502,33.17,97,100,3.04,overcast clouds
69,Ayagoz,KZ,47.9714,80.4392,51.35,48,95,6.29,overcast clouds
70,Port Elizabeth,ZA,-33.918,25.5701,59.0,94,75,8.05,mist
71,Pisco,PE,-13.7,-76.2167,68.0,83,0,14.97,clear sky
72,Sola,VU,-13.8833,167.55,83.64,70,97,10.49,overcast clouds
73,Llangefni,GB,53.2556,-4.3106,43.0,87,90,6.91,overcast clouds
74,San Quintin,MX,30.4833,-115.95,60.53,78,4,15.19,clear sky
75,Wielun,PL,51.221,18.5696,30.99,84,19,3.0,few clouds
76,Miandrivazo,MG,-19.5167,45.4667,74.59,84,23,2.75,few clouds
77,Desdunes,HT,19.2955,-72.646,76.86,76,100,6.42,overcast clouds
78,Chuy,UY,-33.6971,-53.4616,70.11,80,96,9.31,overcast clouds
79,Faanui,PF,-16.4833,-151.75,82.0,69,21,7.81,few clouds
80,Thompson,CA,55.7435,-97.8558,44.6,45,75,3.44,broken clouds
81,Albany,US,42.6001,-73.9662,62.6,45,20,8.05,few clouds
82,Bumba,CD,2.1833,22.4667,69.76,95,100,3.47,overcast clouds
83,Avarua,CK,-21.2078,-159.775,82.4,83,75,6.91,broken clouds
84,Clyde River,CA,70.4692,-68.5914,8.6,92,90,31.07,snow
85,Sakakah,SA,29.9697,40.2064,64.4,20,0,10.36,clear sky
86,Tiksi,RU,71.6872,128.8694,-4.36,99,100,9.57,overcast clouds
87,Airai,TL,-8.9266,125.4092,73.96,59,57,2.53,broken clouds
88,Constitucion,CL,-35.3333,-72.4167,54.55,93,4,7.11,clear sky
89,Half Moon Bay,US,37.4636,-122.4286,57.2,81,1,9.22,haze
90,Sao Gabriel Da Cachoeira,BR,-0.1303,-67.0892,72.59,98,100,2.19,moderate rain
91,Kaitangata,NZ,-46.2817,169.8464,57.99,83,0,7.0,clear sky
92,Kushiro,JP,42.975,144.3747,41.0,26,75,8.05,broken clouds
93,Zarubino,RU,42.63,131.0922,43.81,40,25,3.8,scattered clouds
94,Saint-Junien,FR,45.8833,0.9,48.0,53,0,6.91,clear sky
95,Mercedes,AR,-34.6515,-59.4307,66.99,99,99,8.01,light rain
96,Aklavik,CA,68.2191,-135.0107,-7.6,71,100,11.5,overcast clouds
97,Vuktyl,RU,63.8567,57.3094,40.23,83,100,19.3,overcast clouds
98,Rockport,US,28.0206,-97.0544,73.4,94,40,13.8,mist
99,Lebu,CL,-37.6167,-73.65,52.7,89,18,3.27,few clouds
100,Pangnirtung,CA,66.1451,-65.7125,21.2,93,90,3.44,light snow
101,Tuktoyaktuk,CA,69.4541,-133.0374,-7.6,84,75,9.22,broken clouds
102,Torbay,CA,47.6666,-52.7314,41.0,100,90,12.66,light intensity drizzle
103,Erzin,TR,36.9559,36.2,60.01,86,23,3.06,few clouds
104,Kutum,SD,14.2,24.6667,68.61,6,64,7.94,broken clouds
105,Bredasdorp,ZA,-34.5322,20.0403,53.6,94,19,2.3,few clouds
106,Makakilo City,US,21.3469,-158.0858,78.8,47,20,12.66,few clouds
107,Narsaq,GL,60.9167,-46.05,35.6,69,75,2.3,broken clouds
108,Ponta Do Sol,PT,32.6667,-17.1,57.99,72,100,1.99,overcast clouds
109,Polunochnoye,RU,60.8697,60.4153,34.03,99,100,5.46,overcast clouds
110,El Campo,US,29.1966,-96.2697,72.0,88,1,10.36,clear sky
111,Conde,BR,-7.2597,-34.9075,77.0,94,0,4.61,clear sky
112,Berlevag,NO,70.8578,29.0864,33.49,76,100,19.17,light snow
113,Semporna,MY,4.4818,118.6112,78.8,89,20,2.3,moderate rain
114,Khatanga,RU,71.9667,102.5,-0.76,89,100,6.29,overcast clouds
115,Pajapan,MX,18.25,-94.7,74.57,78,0,3.83,clear sky
116,Ahipara,NZ,-35.1667,173.1667,63.27,91,100,12.24,light rain
117,Tessalit,ML,20.1986,1.0114,79.11,12,0,7.23,clear sky
118,Rio De Jesus,PA,7.9844,-81.1631,75.6,84,100,3.29,overcast clouds
119,Fredericksburg,US,38.3032,-77.4605,57.99,72,90,5.75,overcast clouds
120,Yumen,CN,40.2833,97.2,54.88,34,86,11.21,overcast clouds
121,Takaungu,KE,-3.6837,39.8566,78.8,83,20,5.75,few clouds
122,Norman Wells,CA,65.282,-126.8329,14.0,44,75,11.5,broken clouds
123,Albanel,CA,48.8832,-72.4487,48.2,76,100,5.75,overcast clouds
124,Skoropuskovskiy,RU,56.3667,38.1667,32.0,93,90,11.18,overcast clouds
125,Hami,CN,42.8,93.45,62.58,24,100,5.82,overcast clouds
126,Kuytun,RU,54.3419,101.5036,32.02,84,100,8.12,overcast clouds
127,Madras,IN,13.0878,80.2785,80.6,74,20,6.91,haze
128,Saskylakh,RU,71.9167,114.0833,-5.78,98,100,8.28,overcast clouds
129,Zweibrucken,DE,49.25,7.3667,33.8,64,0,1.14,clear sky
130,Westport,US,41.1415,-73.3579,51.01,81,1,6.91,clear sky
131,Puga,MX,21.5833,-104.8167,63.46,61,64,1.54,broken clouds
132,Qaqortoq,GL,60.7167,-46.0333,35.6,69,75,2.3,broken clouds
133,Kologriv,RU,58.8275,44.3178,31.28,90,98,9.57,overcast clouds
134,Katsuura,JP,35.1333,140.3,62.01,50,20,8.05,few clouds
135,Mpika,ZM,-11.8343,31.4529,55.4,98,77,5.82,broken clouds
136,Pulandian,CN,39.3953,121.9669,55.4,22,40,11.18,scattered clouds
137,Ovsyanka,RU,55.9575,92.5519,37.4,75,0,4.47,clear sky
138,Tabou,CI,4.423,-7.3528,78.58,85,66,4.79,broken clouds
139,Vernon,CA,50.2581,-119.2691,48.2,36,59,3.44,broken clouds
140,Jamestown,US,42.097,-79.2353,64.4,48,1,11.5,clear sky
141,Sao Jose Da Coroa Grande,BR,-8.8978,-35.1478,79.14,77,86,8.99,overcast clouds
142,Varkkallai,IN,8.7341,76.7067,86.0,74,20,3.44,haze
143,Esperance,AU,-33.8667,121.9,66.2,68,90,12.66,overcast clouds
144,Rio Gallegos,AR,-51.6226,-69.2181,39.2,75,0,9.22,clear sky
145,Oranjemund,NA,-28.55,16.4333,60.42,89,23,6.55,few clouds
146,Sydney Mines,CA,46.2367,-60.2177,41.0,87,75,11.5,broken clouds
147,Ilongero,TZ,-4.6667,34.8667,57.33,97,43,7.07,scattered clouds
148,Breves,BR,-1.6822,-50.4803,74.32,97,100,3.29,moderate rain
149,Kapaa,US,22.0752,-159.319,78.8,57,40,20.71,moderate rain
150,Vaini,TO,-21.2,-175.2,78.8,78,75,5.75,light rain
151,Paamiut,GL,61.994,-49.6678,32.77,77,100,15.23,overcast clouds
152,Kolondieba,ML,11.0882,-6.8926,80.89,14,2,1.61,clear sky
153,Notre-Dame-Du-Lac,CA,47.6136,-68.7964,50.0,87,89,2.3,overcast clouds
154,Geraldton,AU,-28.7667,114.6,78.8,44,97,19.57,overcast clouds
155,Karratha,AU,-20.7377,116.8463,84.25,65,100,14.79,overcast clouds
156,Ekhabi,RU,53.5102,142.9671,27.09,66,65,16.53,broken clouds
157,Marystown,CA,47.1666,-55.1483,43.93,92,100,18.45,overcast clouds
158,Yellowknife,CA,62.456,-114.3525,10.4,56,20,6.91,few clouds
159,Bambous Virieux,MU,-20.3428,57.7575,79.0,73,40,6.91,scattered clouds
160,Huilong,CN,31.8111,121.655,64.0,34,0,5.99,clear sky
161,San Cristobal,VE,7.7669,-72.225,75.2,94,40,2.3,scattered clouds
162,Henties Bay,NA,-22.116,14.2845,68.81,64,2,3.98,clear sky
163,Georgetown,MY,5.4112,100.3354,86.0,83,20,1.14,few clouds
164,Dikson,RU,73.5069,80.5464,6.87,75,100,11.72,overcast clouds
165,Krasnoselkup,RU,65.7,82.4667,22.82,92,100,2.33,overcast clouds
166,Nikolskoye,RU,59.7035,30.7861,33.01,80,0,8.95,clear sky
167,Meulaboh,ID,4.1363,96.1285,83.08,73,90,2.48,overcast clouds
168,Estelle,US,29.8458,-90.1067,75.2,100,75,10.36,broken clouds
169,Port Keats,AU,-14.25,129.55,89.78,56,91,5.44,overcast clouds
170,Port Blair,IN,11.6667,92.75,84.78,64,4,1.1,clear sky
171,Cape Town,ZA,-33.9258,18.4232,64.99,82,0,11.5,clear sky
172,Sabile,LV,57.0458,22.5726,34.92,84,74,12.5,broken clouds
173,Alekseyevsk,RU,57.8406,108.3492,31.84,90,100,9.06,light snow
174,Lexington,US,37.9887,-84.4777,61.0,88,90,6.91,overcast clouds
175,Kavieng,PG,-2.5744,150.7967,80.92,78,98,11.07,overcast clouds
176,Alyangula,AU,-13.8483,136.4192,87.8,58,73,8.05,broken clouds
177,Upata,VE,8.0086,-62.3989,81.0,83,100,4.0,overcast clouds
178,Malmesbury,ZA,-33.4608,18.7271,64.99,82,0,11.5,clear sky
179,Sangar,RU,63.9242,127.4739,25.11,92,100,14.2,light snow
180,Gizo,SB,-8.103,156.8419,81.55,81,100,16.73,moderate rain
181,Bairiki,KI,1.3292,172.9752,86.0,74,75,9.22,broken clouds
182,Bandarbeyla,SO,9.4942,50.8122,74.68,62,13,2.55,few clouds
183,Khoy,IR,38.5504,44.9535,57.33,41,32,4.43,scattered clouds
184,Port Lincoln,AU,-34.7333,135.8667,64.6,53,54,12.57,broken clouds
185,Kirakira,SB,-10.4544,161.9205,79.38,83,100,9.48,overcast clouds
186,Balsta,SE,59.5671,17.5278,35.01,93,90,14.97,light snow
187,Moose Factory,CA,51.2585,-80.6094,35.6,93,90,11.5,light rain
188,Corn Island,NI,12.1694,-83.0418,81.18,78,100,13.35,overcast clouds
189,Roma,US,43.2128,-75.4557,62.6,42,1,8.05,clear sky
190,Bethel,US,41.3712,-73.414,51.01,78,6,4.03,clear sky
191,Aktash,RU,50.3,87.7333,28.2,72,99,2.24,light snow
192,Husavik,IS,66.0449,-17.3389,24.8,46,90,11.5,overcast clouds
193,Sao Sebastiao,BR,-23.76,-45.4097,72.0,89,64,8.72,broken clouds
194,Nhulunbuy,AU,-12.2333,136.7667,87.8,62,40,6.91,scattered clouds
195,Dolores,AR,-36.3132,-57.6792,66.04,97,100,9.28,overcast clouds
196,Ovalle,CL,-30.5983,-71.2003,65.35,52,0,2.13,clear sky
197,Cruzilia,BR,-21.8386,-44.8083,54.54,93,0,5.08,clear sky
198,Hualmay,PE,-11.0964,-77.6139,69.3,87,100,6.02,overcast clouds
199,Tigil,RU,57.8,158.6667,29.89,75,100,15.59,overcast clouds
200,Noumea,NC,-22.2763,166.4572,82.4,69,0,3.44,moderate rain
201,Palana,RU,59.1167,159.9667,26.98,67,100,27.74,overcast clouds
202,Sibolga,ID,1.7427,98.7792,84.61,67,99,2.98,overcast clouds
203,Port-Gentil,GA,-0.7193,8.7815,81.39,78,100,9.35,moderate rain
204,Aklera,IN,24.4167,76.5667,86.58,17,0,10.78,clear sky
205,Znamenskoye,RU,57.1281,73.8282,33.71,88,100,10.92,overcast clouds
206,Crossville,US,35.949,-85.0269,66.2,68,1,3.44,clear sky
207,Tashigang,BT,27.3331,91.5542,71.33,49,62,3.38,broken clouds
208,Klaksvik,FO,62.2266,-6.589,30.2,64,75,27.63,light snow
209,Madang,PG,-5.2246,145.7966,86.72,61,100,5.93,overcast clouds
210,Misratah,LY,32.3754,15.0925,59.05,62,100,15.75,overcast clouds
211,Mount Gambier,AU,-37.8333,140.7667,60.8,59,90,13.8,overcast clouds
212,Grindavik,IS,63.8424,-22.4338,23.0,58,20,14.97,few clouds
213,Los Llanos De Aridane,ES,28.6585,-17.9182,68.0,73,0,4.61,clear sky
214,Ca Mau,VN,9.1769,105.15,91.94,46,82,5.35,broken clouds
215,Voznesenye,RU,61.0106,35.4781,25.92,90,8,10.92,clear sky
216,Altay,CN,47.8667,88.1167,45.19,52,9,3.69,clear sky
217,Cherskiy,RU,68.75,161.3,15.28,66,100,5.64,overcast clouds
218,La Asuncion,VE,11.0333,-63.8628,80.6,83,81,14.97,broken clouds
219,Shagonar,RU,51.5333,92.8,39.78,71,100,2.59,overcast clouds
220,Pangai,TO,-19.8,-174.35,84.2,61,40,2.3,scattered clouds
221,Lorengau,PG,-2.0226,147.2712,80.15,88,100,10.49,overcast clouds
222,Chicama,PE,-7.8447,-79.1469,70.54,85,88,6.46,overcast clouds
223,Ottawa,CA,45.4112,-75.6981,57.99,58,1,11.5,clear sky
224,Fortuna,US,40.5982,-124.1573,50.0,71,1,11.5,clear sky
225,Pevek,RU,69.7008,170.3133,-3.32,84,14,2.06,few clouds
226,Asau,RO,46.4333,26.4,30.2,74,0,3.44,clear sky
227,Coihaique,CL,-45.5752,-72.0662,45.99,95,94,3.24,overcast clouds
228,Uyemskiy,RU,64.4743,40.8524,32.0,100,90,11.18,light rain and snow
229,Zehdenick,DE,52.9785,13.3317,37.0,67,100,1.99,overcast clouds
230,Tuatapere,NZ,-46.1333,167.6833,65.14,47,0,1.61,clear sky
231,Belmonte,BR,-15.8631,-38.8828,78.8,69,20,6.91,few clouds
232,Bubaque,GW,11.2833,-15.8333,77.09,70,3,13.6,clear sky
233,Rajampet,IN,14.1833,79.1667,87.28,32,6,3.65,clear sky
234,Charters Towers,AU,-20.1,146.2667,89.2,30,43,5.53,scattered clouds
235,Fujin,CN,47.26,132.0322,44.53,29,54,5.68,broken clouds
236,Rocha,UY,-34.4833,-54.3333,67.42,93,97,6.98,light rain
237,Padang,ID,-0.9492,100.3543,84.2,74,20,2.3,few clouds
238,Zhireken,RU,52.8249,117.3076,53.87,27,91,6.38,overcast clouds
239,Flinders,AU,-34.5833,150.8552,81.0,68,100,1.01,overcast clouds
240,Constantine,DZ,36.365,6.6147,44.6,70,0,4.61,clear sky
241,Fairburn,US,33.5671,-84.581,70.0,60,20,5.75,few clouds
242,Nabire,ID,-3.3667,135.4833,88.07,58,56,5.19,broken clouds
243,Kaberamaido,UG,1.7389,33.1594,67.21,89,73,3.29,light rain
244,Carmen,MX,18.6333,-91.8333,80.6,83,20,10.36,few clouds
245,Kitimat,CA,54.0524,-128.6534,34.0,94,100,1.01,moderate rain
246,Payo,ID,-3.7508,103.6372,85.55,63,17,4.29,few clouds
247,La Palma,US,33.8464,-118.0467,66.99,77,75,9.22,broken clouds
248,Srednekolymsk,RU,67.45,153.6833,17.64,86,100,5.95,overcast clouds
249,Kalmunai,LK,7.4167,81.8167,81.9,71,3,3.56,clear sky
250,Sao Joao Da Barra,BR,-21.6403,-41.0511,74.21,75,49,7.78,scattered clouds
251,Hasaki,JP,35.7333,140.8333,63.0,31,20,5.75,few clouds
252,Hervey Bay,AU,-25.2986,152.8535,84.2,51,1,8.05,clear sky
253,Wattegama,LK,6.7989,81.4808,78.8,100,3,3.44,clear sky
254,Ligayan,PH,4.6533,119.4706,82.0,71,69,3.83,light rain
255,Ketchikan,US,55.3422,-131.6461,37.4,100,90,26.46,heavy intensity rain
256,Taoudenni,ML,22.6783,-3.9836,79.68,11,1,9.04,clear sky
257,Qaanaaq,GL,77.484,-69.3632,8.98,68,100,5.97,overcast clouds
258,Tomatlan,MX,19.9333,-105.25,67.15,88,7,1.05,clear sky
259,Saldanha,ZA,-33.0117,17.9442,59.0,88,100,5.75,overcast clouds
260,Neepawa,CA,50.2289,-99.4664,46.4,61,75,10.36,broken clouds
261,Peddapalli,IN,18.6167,79.3667,87.62,38,61,11.27,broken clouds
262,Savannakhet,LA,16.566,104.751,86.0,54,40,6.91,scattered clouds
263,Margate,GB,51.3813,1.3862,41.0,77,100,4.0,overcast clouds
264,Muros,ES,42.7762,-9.0603,48.0,92,99,6.35,overcast clouds
265,Mananjary,MG,-21.2167,48.3333,73.4,83,89,6.02,overcast clouds
266,Yakovlevka,RU,44.425,133.4772,42.15,36,100,10.31,overcast clouds
267,Itarema,BR,-2.9248,-39.9167,79.54,81,100,12.24,overcast clouds
268,Pingliang,CN,35.5392,106.6861,50.63,67,100,7.43,moderate rain
269,Namatanai,PG,-3.6667,152.4333,80.02,84,100,12.97,light rain
270,Popondetta,PG,-8.7537,148.2534,89.06,57,93,7.67,overcast clouds
271,Praia,CV,14.9215,-23.5087,71.6,64,0,18.41,clear sky
272,Longyearbyen,SJ,78.2186,15.6401,28.4,69,20,17.27,few clouds
273,Pedernales,DO,18.0384,-71.744,77.68,79,100,6.17,overcast clouds
274,Tasiilaq,GL,65.6145,-37.6368,15.8,67,100,9.22,overcast clouds
275,Along,IN,28.1667,94.7667,71.49,57,99,0.74,overcast clouds
276,Nanortalik,GL,60.1432,-45.2371,35.22,81,100,11.97,overcast clouds
277,Yulara,AU,-25.2406,130.9889,89.6,15,0,5.75,clear sky
278,Carnarvon,AU,-24.8667,113.6333,84.2,51,90,14.97,overcast clouds
279,Novyy Oskol,RU,50.7631,37.8691,34.14,68,100,3.91,overcast clouds
280,Cidreira,BR,-30.1811,-50.2056,73.56,80,100,19.93,overcast clouds
281,Shelburne,CA,44.0787,-80.2041,57.99,53,100,13.8,overcast clouds
282,Nizwa,OM,22.9333,57.5333,76.15,28,0,1.23,clear sky
283,Ahuimanu,US,21.4447,-157.8378,78.8,60,40,16.11,scattered clouds
284,Port Macquarie,AU,-31.4333,152.9167,82.99,54,0,3.0,clear sky
285,Bonavista,CA,48.6499,-53.1147,37.4,100,100,5.75,overcast clouds
286,Fort Nelson,CA,58.8053,-122.7002,32.0,43,90,10.36,overcast clouds
287,Batagay-Alyta,RU,67.8006,130.4114,6.53,89,100,8.03,light snow
288,Pandan,PH,14.0453,124.1694,83.08,64,64,10.69,broken clouds
289,Onalaska,US,43.8844,-91.2351,55.4,62,75,3.91,broken clouds
290,Kaya,BF,13.0917,-1.0844,81.72,9,7,8.66,clear sky
291,Tateyama,JP,34.9833,139.8667,57.2,44,75,13.8,broken clouds
292,Severo-Kurilsk,RU,50.6789,156.125,32.29,97,100,13.18,snow
293,Lander,US,42.833,-108.7307,48.2,31,20,17.27,few clouds
294,Bengkulu,ID,-3.8004,102.2655,83.84,65,43,8.43,scattered clouds
295,Hansot,IN,21.5833,72.8,77.0,88,0,4.94,mist
296,Egvekinot,RU,66.3167,-179.1667,-4.5,92,80,3.67,broken clouds
297,Chapais,CA,49.7834,-74.8492,46.4,76,90,6.91,overcast clouds
298,Sitka,US,57.0531,-135.33,37.4,81,90,18.41,snow
299,Nesbyen,NO,60.5681,9.1027,25.0,84,99,3.0,overcast clouds
300,Buala,SB,-8.145,159.5921,76.98,86,100,3.91,light rain
301,Ust-Tsilma,RU,65.441,52.1498,37.74,95,100,15.9,overcast clouds
302,Santa Rosa,PH,14.3122,121.1114,87.01,58,33,1.99,scattered clouds
303,Kumylzhenskaya,RU,49.8809,42.5898,41.0,92,100,5.99,overcast clouds
304,Djibo,BF,14.1022,-1.6306,81.66,9,20,10.42,few clouds
305,Pochutla,MX,15.7432,-96.4661,82.0,66,4,4.0,clear sky
306,Kosh-Agach,RU,50.0,88.6667,30.06,62,60,2.26,broken clouds
307,Sinnamary,GF,5.3833,-52.95,75.79,89,99,5.7,moderate rain
308,Zhanaozen,KZ,43.3,52.8,59.47,46,0,16.75,clear sky
309,Jucas,BR,-6.5253,-39.5275,71.62,79,69,1.92,broken clouds
310,Roebourne,AU,-20.7833,117.1333,85.66,62,96,15.77,overcast clouds
311,Botshabelo,ZA,-29.2702,26.7052,50.0,87,2,0.94,clear sky
312,Puerto Del Rosario,ES,28.5004,-13.8627,64.4,77,0,5.97,clear sky
313,Bilibino,RU,68.0546,166.4372,8.74,68,19,3.27,few clouds
314,Tacuarembo,UY,-31.7333,-55.9833,69.93,68,93,6.11,overcast clouds
315,Tabas,IR,33.5959,56.9244,72.0,15,12,0.83,few clouds
316,Faya,SA,18.3851,42.4509,62.6,51,0,4.61,clear sky
317,Lavrentiya,RU,65.5833,-171.0,-3.37,85,6,2.68,clear sky
318,Khomeyn,IR,33.6423,50.0789,55.89,49,74,2.37,broken clouds
319,Santa Cruz Del Sur,CU,20.7147,-77.9956,74.73,73,99,15.43,overcast clouds
320,Banjar,ID,-8.19,114.9675,87.8,58,20,4.61,few clouds
321,Abu Samrah,SY,35.3029,37.1841,52.34,81,2,6.06,clear sky
322,Caravelas,BR,-17.7125,-39.2481,74.84,79,64,11.7,broken clouds
323,Keetmanshoop,NA,-26.5833,18.1333,69.8,49,0,8.05,clear sky
324,Chipinge,ZW,-20.1883,32.6236,55.72,81,0,2.08,clear sky
325,Zhaodong,CN,46.0833,125.9833,46.4,27,0,4.47,clear sky
326,Kudal,IN,16.0333,73.6833,84.16,61,29,1.45,scattered clouds
327,Inhambane,MZ,-23.865,35.3833,71.04,85,6,6.13,clear sky
328,Pizarro,CO,4.9533,-77.366,77.4,89,100,3.89,moderate rain
329,Lethem,GY,3.3803,-59.7968,73.45,89,100,4.23,overcast clouds
330,Tegal,ID,-6.8694,109.1402,83.75,70,14,8.61,few clouds
331,Portlethen,GB,57.0547,-2.1307,35.01,86,20,16.11,few clouds
332,Kavaratti,IN,10.5669,72.642,83.44,64,57,8.25,broken clouds
333,Tashtagol,RU,52.7657,87.8894,34.36,87,96,2.53,overcast clouds
334,Sao Filipe,CV,14.8961,-24.4956,73.49,65,1,8.68,clear sky
335,Platteville,US,42.7342,-90.4785,50.0,100,90,6.91,overcast clouds
336,Allapalli,IN,19.4167,80.0667,89.29,35,68,5.3,broken clouds
337,Beringovskiy,RU,63.05,179.3167,7.63,89,79,6.04,broken clouds
338,Sao Francisco,BR,-15.9486,-44.8644,68.99,70,97,5.53,overcast clouds
339,Victoria,HK,22.2855,114.1577,69.01,85,100,5.01,overcast clouds
340,Aksarka,RU,66.5606,67.7975,31.32,85,100,13.44,overcast clouds
341,Vallenar,CL,-28.5708,-70.7581,65.95,58,0,1.16,clear sky
342,Lazaro Cardenas,MX,17.9583,-102.2,74.61,74,0,4.9,clear sky
343,Napajedla,CZ,49.1716,17.5119,28.0,81,17,5.59,few clouds
344,Acapetahua,MX,15.2833,-92.7,82.4,74,40,3.44,scattered clouds
345,Xicotencatl,MX,23.0167,-98.8833,80.01,81,100,10.0,overcast clouds
346,Newport,GB,51.5877,-2.9984,45.0,87,100,12.15,overcast clouds
347,Naze,JP,28.3667,129.4833,66.2,77,75,5.75,light rain
348,Coro,VE,11.4045,-69.6734,77.49,84,73,14.47,broken clouds
349,Toora-Khem,RU,52.4675,96.11,36.82,59,100,2.57,overcast clouds
350,Colac,AU,-38.3333,143.5833,57.0,86,77,10.89,broken clouds
351,Snasa,NO,64.2457,12.3778,27.23,94,100,2.35,light snow
352,Vermilion,US,40.1667,-87.7506,55.0,74,100,1.01,overcast clouds
353,Sunrise Manor,US,36.2111,-115.0731,82.4,3,1,17.27,clear sky
354,Roald,NO,62.5833,6.1333,37.4,75,75,6.91,broken clouds
355,Ambulu,ID,-8.345,113.6058,86.43,62,23,2.82,few clouds
356,Kot Addu,PK,30.4692,70.9671,68.0,56,3,9.1,smoke
357,Codrington,AU,-38.2667,141.9667,60.94,54,75,14.54,broken clouds
358,Nerchinskiy Zavod,RU,51.3088,119.61,51.42,33,80,8.3,broken clouds
359,Jacareacanga,BR,-6.2222,-57.7528,75.49,88,55,0.98,broken clouds
360,Leonidovo,RU,49.2833,142.8667,36.73,48,98,13.65,overcast clouds
361,Quatre Cocos,MU,-20.2078,57.7625,79.0,73,40,6.91,scattered clouds
362,Atasu,KZ,48.6814,71.6433,52.23,55,43,4.0,scattered clouds
363,Osinovo,RU,55.8809,48.881,33.8,80,0,4.47,light snow
364,Havoysund,NO,70.9963,24.6622,21.2,93,40,4.74,light snow
365,Havre-Saint-Pierre,CA,50.2334,-63.5986,39.2,81,90,2.3,overcast clouds
366,Saint Anthony,US,45.0205,-93.218,53.01,71,90,4.61,overcast clouds
367,Sawakin,SD,19.1059,37.3321,76.62,81,15,9.73,few clouds
368,Ayan,RU,56.45,138.1667,26.13,84,65,5.39,broken clouds
369,Xining,CN,36.6167,101.7667,44.55,66,97,3.44,overcast clouds
370,Prince Rupert,CA,54.3161,-130.3201,39.2,93,90,24.16,light rain
371,Zambezi,ZM,-13.5432,23.1047,58.3,79,7,5.17,clear sky
372,Bira,RU,49.0,132.4667,46.04,30,44,5.06,scattered clouds
373,Butterworth,MY,5.3991,100.3638,86.0,83,20,1.14,few clouds
374,Kang,BW,-23.6752,22.7876,63.72,54,0,6.24,clear sky
375,Areka,ET,7.0667,37.7,59.86,40,37,3.33,scattered clouds
376,Unai,BR,-16.3575,-46.9061,68.31,82,98,4.83,overcast clouds
377,Ust-Nera,RU,64.5667,143.2,15.6,74,100,1.86,overcast clouds
378,Sorland,NO,67.667,12.6934,32.32,56,30,11.77,scattered clouds
379,Kurchum,KZ,48.5722,83.6542,45.14,67,26,8.5,scattered clouds
380,Viking,CA,53.1001,-111.7684,35.6,41,33,8.05,scattered clouds
381,Vaiusu,WS,-13.8268,-171.7933,89.6,74,75,8.05,broken clouds
382,Eureka,US,40.8021,-124.1637,50.0,62,1,13.8,clear sky
383,Pailon,BO,-17.65,-62.75,75.2,100,40,3.44,scattered clouds
384,Kasongo-Lunda,CD,-6.4667,16.8167,70.18,98,100,2.28,light rain
385,Ngama,TD,11.7833,17.1667,81.64,13,36,9.22,scattered clouds
386,Basna,IN,21.2833,82.8167,93.29,15,66,6.17,broken clouds
387,Dicabisagan,PH,17.0818,122.4157,76.8,82,93,6.55,overcast clouds
388,Nusaybin,TR,37.0778,41.2178,55.4,67,0,1.14,clear sky
389,Souris,CA,49.6172,-100.2612,46.99,61,75,10.36,broken clouds
390,Biak,ID,-0.9131,122.8766,79.61,81,100,1.95,heavy intensity rain
391,Coahuayana,MX,18.7333,-103.6833,69.96,83,71,0.67,broken clouds
392,Tirumullaivasal,IN,11.2333,79.8333,83.46,64,33,7.38,scattered clouds
393,Mirnyy,RU,62.5353,113.9611,13.73,79,100,11.14,overcast clouds
394,Dzaoudzi,YT,-12.7887,45.2699,77.0,88,0,2.3,light rain
395,Auki,SB,-8.7676,160.7034,76.05,86,100,3.96,light rain
396,Port Augusta,AU,-32.5,137.7667,69.8,64,90,12.66,overcast clouds
397,Cabo San Lucas,MX,22.8909,-109.9124,77.0,38,1,6.91,clear sky
398,Jalu,LY,29.0331,21.5482,61.05,53,11,16.04,few clouds
399,Redlands,US,34.0556,-117.1825,69.01,52,10,2.8,clear sky
400,Namibe,AO,-15.1961,12.1522,79.54,68,66,3.65,broken clouds
401,Robinson,US,31.4677,-97.1147,70.0,73,1,13.8,clear sky
402,Luderitz,NA,-26.6481,15.1594,72.21,52,0,8.41,clear sky
403,Kaeo,NZ,-35.1,173.7833,69.01,80,100,10.0,light rain
404,Vila Franca Do Campo,PT,37.7167,-25.4333,59.0,94,75,14.97,broken clouds
405,Ilanskiy,RU,56.2358,96.065,34.56,84,100,4.29,overcast clouds
406,Porbandar,IN,21.6422,69.6093,75.2,94,0,6.91,haze
407,Bulzesti,RO,44.5333,23.8833,35.01,80,0,5.75,clear sky
408,Aransas Pass,US,27.9095,-97.15,73.4,94,1,13.8,clear sky
409,Aykhal,RU,66.0,111.5,2.48,90,98,23.73,overcast clouds
410,Muisne,EC,0.6,-80.0333,77.59,85,98,4.23,overcast clouds
411,Manavalakurichi,IN,8.1333,77.3,86.0,74,20,3.44,haze
412,Fougamou,GA,-1.2154,10.5838,72.95,98,100,2.57,light rain
413,Harlingen,US,26.1906,-97.6961,77.0,83,1,12.66,clear sky
414,Zapolyarnyy,RU,69.4154,30.8136,21.2,79,20,11.5,few clouds
415,Bastia,FR,42.6667,9.3333,50.0,70,0,8.05,clear sky
416,Hamilton,US,39.1834,-84.5333,60.01,94,40,4.61,scattered clouds
417,Kiama,AU,-34.6833,150.8667,81.0,55,100,5.01,overcast clouds
418,Flin Flon,CA,54.7682,-101.865,36.82,91,100,3.11,overcast clouds
419,Udachnyy,RU,66.4167,112.4,5.88,86,100,19.04,overcast clouds
420,Luanda,AO,-8.8368,13.2343,75.2,94,40,3.44,scattered clouds
421,Bermejo,AR,-32.8833,-68.8,66.2,72,40,3.44,scattered clouds
422,Ponta Delgada,PT,37.7333,-25.6667,59.0,94,75,14.97,broken clouds
423,Aquitania,CO,5.5197,-72.8875,47.53,97,100,0.11,light rain
424,Suluova,TR,40.8313,35.6479,41.0,75,75,20.71,light rain
425,Bam,IR,29.106,58.357,73.58,10,1,6.38,clear sky
426,Palatka,US,29.6486,-81.6376,69.01,64,25,1.79,scattered clouds
427,Coffs Harbour,AU,-30.3,153.1333,79.0,65,31,9.22,scattered clouds
428,Sioux Lookout,CA,50.1001,-91.917,33.8,100,90,8.05,light rain
429,Avera,US,33.194,-82.5271,69.8,78,1,8.05,clear sky
430,Yagoua,CM,10.3411,15.2329,82.85,17,74,4.5,broken clouds
431,Indija,IN,20.0,77.0,90.21,15,26,14.36,scattered clouds
432,Strathmore,CA,51.0501,-113.3852,37.4,44,47,2.3,scattered clouds
433,Isangel,VU,-19.55,169.2667,86.0,70,75,6.91,light rain
434,Kano,NG,12.0001,8.5167,80.01,11,7,6.42,clear sky
435,Ancud,CL,-41.8697,-73.8203,53.01,93,90,5.75,light rain
436,Atyrau,KZ,47.1167,51.8833,51.8,50,0,20.13,clear sky
437,Llanes,ES,43.4198,-4.7549,53.01,68,74,1.92,broken clouds
438,Monroe,US,43.1501,-77.6831,68.0,42,1,10.36,clear sky
439,San Policarpo,PH,12.1791,125.5072,82.83,66,100,9.04,overcast clouds
440,Hambantota,LK,6.1241,81.1185,78.8,100,3,3.44,clear sky
441,Yar-Sale,RU,66.8333,70.8333,31.84,90,100,14.92,overcast clouds
442,Semnan,IR,35.5729,53.3971,65.12,19,62,2.77,broken clouds
443,San Juan,AR,-31.5375,-68.5364,68.52,63,38,12.48,scattered clouds
444,Talnakh,RU,69.4865,88.3972,16.56,88,66,5.53,broken clouds
445,Muhos,FI,64.808,25.9931,24.8,93,0,4.61,clear sky
446,Beyneu,KZ,45.3167,55.2,55.9,57,0,15.68,clear sky
447,Yakeshi,CN,49.2833,120.7333,53.22,25,97,9.26,overcast clouds
448,San Ramon,US,37.7799,-121.978,62.6,42,1,4.61,clear sky
449,Chumikan,RU,54.7183,135.315,29.75,82,87,13.82,overcast clouds
450,Sangueya,GN,10.7,-14.3667,73.2,87,14,2.82,few clouds
451,Taranagar,IN,28.6709,75.0351,80.78,12,0,6.51,clear sky
452,Bria,CF,6.5423,21.9863,69.93,83,99,1.92,overcast clouds
453,Laguna,US,38.421,-121.4238,75.2,30,1,8.05,clear sky
454,Balkanabat,TM,39.5108,54.3671,74.16,25,0,10.22,clear sky
455,Nizhniy Kuranakh,RU,58.8353,125.4869,34.65,97,100,7.05,light snow
456,Mattawa,US,46.7379,-119.9028,41.0,41,5,17.0,clear sky
457,Shirvan,AZ,39.9509,48.8994,60.6,62,96,3.94,overcast clouds
458,Sur,OM,22.5667,59.5289,80.94,40,0,6.78,clear sky
459,Kathmandu,NP,27.7167,85.3167,64.4,59,20,2.3,haze
460,Te Anau,NZ,-45.4167,167.7167,63.16,46,0,5.75,clear sky
461,Jutai,BR,-5.1833,-68.9,73.31,98,100,0.31,moderate rain
462,Saiha,IN,22.4833,92.9667,85.98,35,1,3.47,clear sky
463,Zarinsk,RU,53.7074,84.9493,34.27,82,97,8.28,overcast clouds
464,Abha,SA,18.2164,42.5053,62.6,51,0,4.61,clear sky
465,Alofi,NU,-19.0595,-169.9187,82.4,65,1,6.91,clear sky
466,Homer,US,59.6425,-151.5483,27.0,46,75,20.71,snow
467,Meridian,US,43.6121,-116.3915,48.2,25,1,9.22,clear sky
468,Tiarei,PF,-17.5333,-149.3333,86.0,66,75,10.36,broken clouds
469,Halifax,CA,44.6453,-63.5724,42.8,87,86,6.91,overcast clouds
470,Sisimiut,GL,66.9395,-53.6735,32.47,94,100,15.21,snow
471,Zhigalovo,RU,54.8097,105.1578,34.88,71,96,6.69,overcast clouds
472,Paracuru,BR,-3.41,-39.0306,82.99,72,100,27.0,overcast clouds
473,Imphal,IN,24.8167,93.95,62.6,94,75,6.91,mist
474,Great Falls,US,47.5002,-111.3008,35.6,75,75,20.71,snow
475,Cockburn Town,TC,21.4612,-71.1419,75.04,64,49,14.16,scattered clouds
476,Daule,EC,-1.865,-79.9792,82.4,69,75,9.22,moderate rain
477,Dodola,ET,6.9833,39.1833,49.33,69,66,2.64,broken clouds
478,Konstanz,DE,47.6603,9.1758,30.99,86,20,2.3,few clouds
479,Aripuana,BR,-9.1667,-60.6333,72.68,98,96,1.74,heavy intensity rain
480,Stillwater,US,36.1156,-97.0584,66.2,34,1,9.22,clear sky
481,Strezhevoy,RU,60.7333,77.5889,33.8,75,0,6.71,clear sky
482,Sturgeon Bay,US,44.8342,-87.377,51.8,100,90,6.91,mist
483,Lufilufi,WS,-13.8745,-171.5986,89.6,74,75,8.05,broken clouds
484,Qasigiannguit,GL,68.8193,-51.1922,33.8,86,90,9.22,light rain
485,Vanimo,PG,-2.6741,141.3028,86.36,66,98,8.46,overcast clouds
486,Fairlie,GB,55.756,-4.8556,37.0,86,9,7.0,clear sky
487,Dudinka,RU,69.4058,86.1778,4.96,91,9,2.68,clear sky
488,Tvoroyri,FO,61.5556,-6.8111,30.2,64,75,27.63,light snow
489,Tocopilla,CL,-22.092,-70.1979,67.57,79,78,9.08,broken clouds
490,Xique-Xique,BR,-10.8218,-42.7263,77.94,61,5,20.38,clear sky
491,Mindelo,CV,16.8901,-24.9804,68.0,77,20,23.02,few clouds
492,San Patricio,US,28.017,-97.5169,73.4,88,90,19.57,overcast clouds
493,Amboasary,MG,-25.0333,46.3833,75.2,88,20,11.5,few clouds
494,Zyryanka,RU,65.75,150.85,14.74,84,100,11.36,overcast clouds
495,Channarayapatna,IN,12.9044,76.3917,78.78,47,0,1.21,clear sky
496,Wanning,CN,18.8003,110.3967,79.88,71,30,8.14,scattered clouds
497,Neiafu,TO,-18.65,-173.9833,82.4,61,40,4.61,scattered clouds
498,Ribeira Grande,PT,38.5167,-28.7,59.88,84,67,10.42,broken clouds
499,Mweka,CD,-4.85,21.5667,65.86,94,97,2.44,overcast clouds
500,Okhotsk,RU,59.3833,143.3,24.51,67,8,15.32,clear sky
501,Sagua La Grande,CU,22.8067,-80.0756,71.6,78,20,6.91,few clouds
502,Talara,PE,-4.5772,-81.2719,72.18,80,99,15.37,overcast clouds
503,Staryy Nadym,RU,65.6118,72.6842,31.24,90,100,12.66,overcast clouds
504,Saint-Pierre,RE,-21.3393,55.4781,77.0,73,0,6.91,clear sky
505,Maunabo,PR,18.0072,-65.8993,75.0,77,100,1.01,overcast clouds
506,Waipawa,NZ,-41.4122,175.5153,68.0,68,100,14.97,overcast clouds
507,Joshimath,IN,30.5667,79.5667,59.54,26,19,0.76,few clouds
508,Tommot,RU,58.9564,126.2925,36.12,96,100,8.48,overcast clouds
509,Oakdale,US,44.963,-92.9649,53.01,76,40,3.44,scattered clouds
510,Bereda,ES,43.2686,-7.5406,46.99,100,71,1.99,broken clouds
511,Mackenzie,CA,55.2999,-123.1698,35.6,48,90,9.22,overcast clouds
512,Zhigansk,RU,66.7697,123.3711,11.26,80,100,19.84,overcast clouds
513,Esil,KZ,51.9556,66.4042,34.34,88,75,2.01,broken clouds
514,Sistranda,NO,63.7256,8.834,33.8,93,75,6.91,broken clouds
515,Austin,US,30.2672,-97.7431,81.0,48,25,13.76,scattered clouds
516,Mattru,SL,7.6244,-11.8332,78.24,88,28,1.81,scattered clouds
517,Karaton,ID,-6.3424,106.1045,86.0,79,40,5.75,scattered clouds
518,Gdov,RU,58.7406,27.8122,28.06,86,13,9.66,few clouds
519,Vardo,NO,70.3705,31.1107,24.8,80,20,19.57,few clouds
520,Nouadhibou,MR,20.931,-17.0347,66.2,77,0,17.27,clear sky
521,Iskateley,RU,67.6803,53.1512,37.6,96,100,27.27,overcast clouds
522,Zhuhai,CN,22.2769,113.5678,69.01,94,40,14.97,mist
523,Vestmannaeyjar,IS,63.4427,-20.2734,24.64,67,0,24.72,clear sky
524,Oum Hadjer,TD,13.2954,19.6966,82.09,10,18,8.95,few clouds
525,Mayo,US,38.8876,-76.5119,57.2,82,1,8.05,clear sky
526,Boshnyakovo,RU,49.6333,142.1667,29.44,63,100,20.33,overcast clouds
527,Domna,RU,51.8971,113.1573,44.6,33,40,4.47,scattered clouds
528,Mongar,BT,27.2747,91.2396,67.12,46,75,2.66,broken clouds
529,Akureyri,IS,65.6835,-18.0878,24.8,46,90,11.5,overcast clouds
530,Mareeba,AU,-17.0,145.4333,90.0,66,40,8.05,scattered clouds
531,Tunis,TN,34.0,9.0,48.2,61,0,14.97,clear sky
532,The Valley,AI,18.217,-63.0578,77.0,65,20,11.5,few clouds
533,Guiratinga,BR,-16.3494,-53.7583,68.63,94,9,4.85,clear sky
534,Tambovka,RU,50.0969,128.0489,44.6,23,0,4.47,clear sky
535,Maracaibo,VE,10.6317,-71.6406,79.95,76,94,15.46,overcast clouds
536,Bandrele,YT,-12.9067,45.1914,77.0,88,0,2.3,light rain
537,Vao,NC,-22.6667,167.4833,75.4,88,100,24.52,light rain
538,Tempio Pausania,IT,40.8974,9.1035,30.2,93,0,2.3,clear sky
539,Davidson,US,36.1501,-86.7833,69.8,59,20,9.22,few clouds
540,Honiara,SB,-9.4333,159.95,75.11,94,100,3.6,heavy intensity rain
541,Cap Malheureux,MU,-19.9842,57.6142,79.0,71,84,5.99,broken clouds
542,Artesia,US,33.8658,-118.0831,66.99,59,1,8.05,clear sky
543,Magadan,RU,59.5667,150.8,25.99,62,15,5.41,few clouds
544,La Macarena,CO,2.1837,-73.7849,72.88,98,99,2.39,overcast clouds
545,Waingapu,ID,-9.6567,120.2641,84.87,69,27,4.7,scattered clouds
546,Lekoni,GA,-1.5843,14.2591,73.58,82,100,2.37,overcast clouds
547,Tefe,BR,-3.3542,-64.7114,78.6,79,100,2.8,light rain
548,Normandin,CA,48.8333,-72.5321,48.2,76,100,5.75,overcast clouds
549,Fantino,DO,19.1215,-70.2997,73.4,94,40,1.3,scattered clouds
550,Porto Velho,BR,-8.7619,-63.9039,77.0,94,90,6.91,heavy intensity rain
551,Abbeville,FR,50.1,1.8333,39.0,87,0,2.3,clear sky
552,Tevriz,RU,57.509,72.4042,33.98,92,100,9.26,overcast clouds
553,Kargasok,RU,59.0556,80.8572,36.48,81,94,4.88,overcast clouds
554,Shimoda,JP,34.6667,138.95,57.2,44,75,13.8,broken clouds
555,Trairi,BR,-3.2778,-39.2689,79.66,82,100,11.45,overcast clouds
556,Bilma,NE,18.6853,12.9164,79.25,5,0,6.85,clear sky
557,Puerto Escondido,MX,15.85,-97.0667,82.4,74,1,6.91,clear sky
558,Chipoka,MW,-13.9933,34.5157,68.5,72,87,8.86,overcast clouds
559,Chokwe,MZ,-24.5333,32.9833,66.47,96,0,3.67,clear sky
560,Mincivan,AZ,39.0294,46.7185,66.72,33,7,4.7,clear sky
561,Byron Bay,AU,-28.65,153.6167,79.0,57,0,8.05,clear sky
562,Malanje,AO,-9.5402,16.341,63.95,96,100,2.95,overcast clouds
563,Svetlyy,RU,54.675,20.1347,39.2,70,0,11.18,clear sky
564,Lima,PE,-12.0432,-77.0282,68.0,83,40,11.5,scattered clouds
565,Tarakan,ID,3.3,117.6333,80.6,83,40,4.61,moderate rain
566,Fonte Boa,BR,-2.4959,-66.2662,76.93,88,100,2.93,overcast clouds
567,Silva Jardim,BR,-22.6508,-42.3917,66.11,95,14,3.18,few clouds
568,Marrakesh,MA,31.6315,-8.0083,57.2,82,40,1.14,scattered clouds
569,Batemans Bay,AU,-35.7167,150.1833,73.0,79,68,5.99,broken clouds
570,Choya,RU,52.0108,86.5467,33.39,93,100,2.86,overcast clouds
571,Charlestown,AU,-32.95,151.6667,84.0,61,20,3.0,few clouds
572,Rorvik,NO,64.8621,11.2373,32.27,67,100,7.02,light snow
573,Ilorin,NG,8.5,4.55,76.95,84,95,10.38,overcast clouds
574,Robertsport,LR,6.7533,-11.3686,80.31,88,83,5.7,broken clouds
575,Bambanglipuro,ID,-7.95,110.2833,85.05,68,43,4.32,scattered clouds
576,Comodoro Rivadavia,AR,-45.8667,-67.5,51.8,93,90,3.44,moderate rain
577,Vila,PT,42.0304,-8.1588,45.0,82,100,3.6,overcast clouds
578,Powell River,CA,49.8496,-124.5361,48.2,42,75,5.75,broken clouds
579,Uruzgan,AF,32.8333,66.0,59.5,20,22,3.87,few clouds
580,Olinda,BR,-8.0089,-34.8553,80.6,69,40,10.36,scattered clouds
581,Kuusamo,FI,65.9667,29.1833,17.6,100,0,2.3,clear sky
582,Vostok,RU,46.4856,135.8833,31.51,64,100,6.46,overcast clouds
583,Poum,NC,-20.2333,164.0167,76.32,91,100,13.35,overcast clouds
584,Latung,PH,5.5,120.8833,81.97,72,90,3.49,overcast clouds
585,Kailua,US,21.4022,-157.7394,78.8,60,40,16.11,scattered clouds
586,Daguma,PH,6.5867,124.5472,88.12,62,93,3.65,overcast clouds
587,Mwense,ZM,-10.3845,28.698,61.99,94,95,3.8,overcast clouds
588,Puerto Carreno,CO,6.189,-67.4859,78.66,82,100,6.33,overcast clouds
589,Praia Da Vitoria,PT,38.7333,-27.0667,59.0,94,40,13.85,scattered clouds
590,Steamboat Springs,US,40.485,-106.8317,48.2,25,90,9.69,overcast clouds
591,Kudahuvadhoo,MV,2.6708,72.8944,82.44,69,2,8.72,clear sky
592,Salaga,GH,8.5508,-0.5188,83.14,57,100,4.92,overcast clouds
593,Sosnovo-Ozerskoye,RU,52.5249,111.5418,37.65,65,100,10.4,light snow
594,Sayyan,YE,15.1718,44.3244,53.31,21,76,2.01,broken clouds
595,Brazzaville,CG,-4.2658,15.2832,78.8,83,100,3.44,overcast clouds
596,Alvinopolis,BR,-20.1067,-43.0489,62.71,89,58,1.63,broken clouds
597,Kawalu,ID,-7.3817,108.2082,87.49,49,98,2.15,overcast clouds
598,Belyy Yar,RU,53.6039,91.3903,35.6,87,40,8.95,scattered clouds
599,North Platte,US,41.1239,-100.7654,55.99,26,1,5.75,clear sky
600,Katiola,CI,8.1333,-5.1,75.2,88,100,6.91,overcast clouds
601,Raudeberg,NO,61.9875,5.1352,36.0,91,89,15.97,overcast clouds
602,Hare Bay,CA,48.8499,-54.0148,37.4,100,100,5.75,overcast clouds
603,Vila Velha,BR,-20.3297,-40.2925,75.0,94,75,4.61,broken clouds
604,Ituango,CO,7.1712,-75.764,64.04,98,100,1.41,overcast clouds
605,Mapastepec,MX,15.4333,-92.9,77.61,76,0,2.48,clear sky
606,Dingle,PH,10.9995,122.6711,86.97,57,100,9.37,overcast clouds
607,Cayenne,GF,4.9333,-52.3333,75.99,100,90,1.14,fog
608,Sibu,MY,2.3,111.8167,86.0,74,40,1.14,scattered clouds
609,Kununurra,AU,-15.7667,128.7333,96.8,30,40,8.05,scattered clouds
610,Aguimes,ES,27.9054,-15.4461,66.2,77,20,4.61,few clouds
611,Camopi,GF,3.1655,-52.3158,71.85,99,100,1.9,overcast clouds
612,Uenohara,JP,35.6167,139.1167,59.0,31,1,4.61,clear sky
613,Palu,ID,-0.8917,119.8707,90.43,55,94,2.93,overcast clouds
614,May Pen,JM,17.9645,-77.2451,78.8,83,40,8.05,scattered clouds
615,Teloloapan,MX,18.35,-99.85,70.03,39,15,4.12,few clouds
616,Deep River,CA,46.1001,-77.4995,59.0,55,1,4.61,clear sky
617,Diego De Almagro,CL,-26.3667,-70.05,60.42,61,22,2.08,few clouds
618,Shirokiy,RU,49.758,129.523,44.46,38,5,6.15,clear sky
619,Machali,CL,-34.1833,-70.6667,56.08,52,2,2.71,clear sky
620,Terney,RU,45.0503,136.6092,38.57,54,100,2.57,overcast clouds
621,Huarmey,PE,-10.0681,-78.1522,69.75,87,81,7.47,broken clouds
622,New Ulm,US,44.3125,-94.4605,51.8,82,90,6.91,overcast clouds
623,Ndele,CF,8.4109,20.6473,78.31,60,81,7.99,broken clouds
624,Umbertide,IT,43.3055,12.3366,34.0,82,4,1.21,clear sky
625,Pierre,US,44.3683,-100.351,55.0,35,1,8.05,clear sky
626,Araouane,ML,18.9048,-3.5265,81.3,13,0,8.37,clear sky
627,Sabang,ID,5.8933,95.3214,82.44,69,34,1.57,scattered clouds
628,Camana,PE,-16.6228,-72.7111,69.84,84,100,7.02,overcast clouds
629,Tilichiki,RU,60.4667,166.1,23.2,75,100,13.44,overcast clouds
630,Alice Springs,AU,-23.7,133.8833,87.8,16,30,5.75,scattered clouds
631,Lamu,KE,-2.2717,40.902,80.6,77,19,8.03,few clouds
632,Ust-Maya,RU,60.4167,134.5333,31.23,80,100,9.48,overcast clouds
633,San Jeronimo,PE,-11.9472,-75.2829,48.31,85,100,3.38,overcast clouds
634,Takestan,IR,36.0696,49.6959,62.6,42,0,6.91,clear sky
635,Palembang,ID,-2.9167,104.7458,82.4,78,75,6.91,broken clouds
636,Adrar,MR,20.5022,-10.0711,73.08,19,0,11.63,clear sky
637,Newark,US,40.7357,-74.1724,59.0,58,20,6.91,few clouds
638,Tura,IN,25.5198,90.2201,81.09,62,1,5.59,clear sky
639,Veroia,GR,40.5233,22.2036,42.01,43,0,3.22,clear sky
640,Ixtapa,MX,20.7,-105.2,75.2,83,20,4.61,few clouds
641,Kruisfontein,ZA,-34.0033,24.7314,60.01,93,33,1.99,scattered clouds
642,Arinos,BR,-15.9169,-46.1056,70.83,69,99,6.76,overcast clouds
643,Havelock,US,34.8791,-76.9013,66.99,82,1,4.61,clear sky
644,Ust-Kulom,RU,61.6864,53.6902,37.69,84,98,12.1,overcast clouds
645,Kochi,IN,9.9399,76.2602,80.6,89,40,3.44,mist
646,Matai,TZ,-8.3,31.5167,59.0,100,20,9.22,few clouds
647,Marsh Harbour,BS,26.5412,-77.0636,71.15,60,0,8.79,clear sky
648,Nuuk,GL,64.1835,-51.7216,35.6,80,90,42.57,light snow
649,Loandjili,CG,-4.7561,11.8578,80.6,94,75,3.44,broken clouds
650,Marathon,US,44.9,-89.7668,55.4,88,90,4.61,light rain
651,Liverpool,GB,53.4106,-2.9779,46.4,87,90,8.05,light rain
652,Sebrovo,RU,50.0981,43.2976,37.0,92,100,5.99,overcast clouds
653,Soyo,AO,-6.1349,12.3689,78.96,84,100,3.71,overcast clouds
654,Lusambo,CD,-4.9667,23.45,68.23,99,100,2.46,light rain
655,Elwood,AU,-37.8817,144.983,64.0,72,90,18.41,overcast clouds
656,Goderich,CA,43.7501,-81.7165,59.0,88,100,10.36,overcast clouds
657,San Anselmo,US,37.9747,-122.5616,59.0,47,1,7.49,clear sky
658,Mineiros,BR,-17.5694,-52.5511,66.24,93,41,3.94,scattered clouds
659,Pringsewu,ID,-5.3582,104.9744,85.64,65,87,3.27,overcast clouds
660,Grand-Santi,GF,4.25,-54.3833,72.7,99,100,1.77,light rain
661,Kyra,RU,49.5776,111.9753,55.9,23,73,6.22,broken clouds
662,Temir,KZ,49.1414,57.13,42.28,74,56,10.63,broken clouds
663,Ocos,GT,14.5094,-92.1933,82.4,74,40,3.44,scattered clouds
664,Playa Vicente,MX,17.8333,-95.8167,80.46,61,0,2.95,clear sky
665,Gimli,CA,50.6336,-96.9907,33.8,100,100,9.22,overcast clouds
666,Port Hedland,AU,-20.3167,118.5667,89.6,66,40,13.8,scattered clouds
667,Thinadhoo,MV,0.5333,72.9333,82.47,65,14,9.33,few clouds
668,Axim,GH,4.8699,-2.2405,79.63,85,100,7.07,overcast clouds
669,Khorramshahr,IR,30.4397,48.1664,78.8,44,75,16.11,broken clouds
670,Kyabe,TD,9.4515,18.9449,81.41,46,91,6.8,overcast clouds
671,Asfi,MA,32.2994,-9.2372,58.1,80,60,11.07,broken clouds
672,Oktyabrskiy,RU,54.4815,53.471,35.87,99,100,3.53,overcast clouds
673,Meadow Lake,US,34.8014,-106.5436,72.0,9,75,19.57,broken clouds
674,Nelson Bay,AU,-32.7167,152.15,82.0,50,0,21.85,clear sky
675,Mirabad,AF,30.4362,61.8383,74.68,14,3,4.34,clear sky
676,Mezhgorye,UA,44.9667,34.4167,32.9,74,99,3.83,overcast clouds
677,Sargatskoye,RU,55.6101,73.4972,33.84,99,100,12.91,overcast clouds
678,Maniitsoq,GL,65.4167,-52.9,31.55,97,100,33.31,snow
679,Cairns,AU,-16.9167,145.7667,90.0,66,40,8.05,scattered clouds
680,Brewster,US,41.3973,-73.6171,52.0,71,14,4.9,few clouds
681,Fallon,US,39.4735,-118.7774,64.4,12,20,11.5,few clouds
682,Ishigaki,JP,24.3448,124.1572,75.2,64,75,10.36,broken clouds
683,Tranas,SE,58.0372,14.9782,41.0,81,90,24.16,overcast clouds
684,Keelung,TW,25.1283,121.7419,62.6,94,75,10.36,light intensity drizzle
685,Shakhtinsk,KZ,49.71,72.5872,42.8,81,0,2.24,clear sky
686,Korla,CN,41.7597,86.1469,57.36,40,20,3.24,few clouds
687,Sinegorye,RU,62.0788,150.477,13.77,76,11,4.72,few clouds
688,Kahului,US,20.8947,-156.47,78.8,53,40,21.85,scattered clouds
